{
    "has-both-task": {
        "newrun.Run-thurs-five-fixed-finally": 0.8611140317527751,
        "pill.pills-blue": 0.8759693004073704
    },
    "no-data-task": {
        "newrun.run-thurs-seven-attempt": 0.6993181134879292,
        "newrun.run-thurs-six-finally": 0.6077284224529517,
        "pill.pills-orange": 0.7625348466383145,
        "pill.pills-red": 0.683540071392608
    },
    "no-video-task": {
        "newrun.run-thurs-seven-attempt": 0.8355106147024027,
        "newrun.run-thurs-six-finally": 0.8728511873627598,
        "pill.pills-orange": 0.7711296372211515,
        "pill.pills-red": 0.8718898372034697
    }
}