videoTHINGS:,ENDvideo,JUMPvideo,SCRUBvideo,PLAY,PAUSE,CHANGEPLAYBACKRATE,SKIP
PAUSE,none,529.0,88,6.011363636363637
SKIP,none,524.0,88,5.954545454545454
JUMPvideo,none,0.0,88,0.0
ENDvideo,none,137.0,88,1.5568181818181819
PLAY,none,499.0,88,5.670454545454546
CHANGEPLAYBACKRATE,none,73.0,88,0.8295454545454546
SCRUBvideo,none,83.0,88,0.9431818181818182
